state,race,DPer,RPer,OPer,margin,totalWeight
NM,Governor,47.0,41.0,0.0,6.0,3.64
MN,Senate,45.00739897552647,42.87535571997724,0.0,2.1320432555492275,8.785
GA,Senate,51.49177631578947,43.14967105263158,0.0,8.34210526315789,6.08
TX,Senate,48.790838736665975,45.34637105208116,0.0,3.444467684584815,23.904999999999998
MI,Senate,47.60804119627649,43.562685680332734,0.0,4.045355515943754,25.245
PA,Governor,55.4162724692526,33.59602649006622,0.0,21.820245979186375,10.57
AZ,Governor,48.6231884057971,41.30434782608695,0.0,7.318840579710148,0.6900000000000001
NH,Governor,41.840934371523915,50.99888765294772,0.0,-9.157953281423808,8.99
CT,Governor,54.75247524752475,37.917491749174914,0.0,16.834983498349835,3.0300000000000002
VT,Governor,44.035971223021576,44.73381294964028,0.0,-0.6978417266187051,5.5600000000000005
IL,Senate,49.0,36.0,0.0,13.0,0.08000000000000007
WI,Governor,49.0,46.0,0.0,3.0,4.55
SC,Governor,35.0,45.0,0.0,-10.0,1.0
NM,Senate,54.0,36.0,0.0,18.0,3.64
FL,Governor,43.269162210338685,47.579322638146174,0.0,-4.310160427807489,11.219999999999999
NH,Senate,49.949313621964095,43.28933474128828,0.0,6.659978880675816,9.47
ME,Governor,50.70243266724588,38.23327541268462,0.0,12.46915725456126,23.02
SC,Senate,45.0,46.0,0.0,-1.0,2.64
IA,Governor,52.70796890184645,42.42371234207969,0.0,10.28425655976676,20.58
FL,Senate,42.05614035087719,49.44912280701755,0.0,-7.392982456140359,11.399999999999999
ME,Senate,49.10925539318023,47.184064022268615,0.0,1.9251913709116124,28.740000000000002
IA,Senate,46.6063611491108,45.843023255813954,0.0,0.7633378932968498,29.240000000000002
NV,Governor,41.38121546961326,42.00000000000001,0.0,-0.6187845303867476,3.62
MT,Senate,20.56937799043062,41.8421052631579,28.526315789473685,-21.272727272727277,2.09
KS,Governor,44.043802423112766,49.10158434296364,0.0,-5.057781919850875,10.73
AK,Governor,53.03899082568808,46.96100917431193,0.0,6.077981651376149,8.719999999999999
GB,None,51.24969672462598,41.395673271330374,0.0,9.854023453295603,49.459999999999994
ID,Governor,27.0,37.0,0.0,-10.0,0.49
NE,Governor,39.811394891944985,44.55206286836935,0.0,-4.740667976424362,5.09
MA,Governor,54.0,34.93129770992366,0.0,19.068702290076338,3.93
KS,Senate,46.14687216681777,44.69990933816863,0.0,1.4469628286491414,11.03
RI,Governor,40.0,15.0,0.0,25.0,-1
AK,Senate,49.88257940327237,45.82579403272377,0.0,4.056785370548603,10.39
ID,Senate,31.7,45.50000000000001,0.0,-13.800000000000008,1.4
NE,Senate,46.46889952153111,44.34449760765551,0.0,2.1244019138755945,2.09
NC,Senate,50.21465428276575,41.588235294117645,0.0,8.626418988648105,9.69
TN,Senate,31.0,51.0,0.0,-20.0,-1
MA,Senate,53.51145038167939,28.97709923664122,0.0,24.53435114503817,3.93
OH,Governor,49.299112097669244,43.32519422863484,0.0,5.973917869034402,18.020000000000003
MS,Senate,38.0,44.0,0.0,-6.0,1.2000000000000002
RI,Senate,53.0,33.0,0.0,20.0,1.92
OR,Governor,46.0,44.0,0.0,2.0,0.94
AL,Governor,37.0,50.0,0.0,-13.0,1.52
CA,Governor,57.06024096385542,33.80034423407917,0.0,23.25989672977625,5.8100000000000005
MD,Governor,51.0,23.999999999999996,0.0,27.000000000000004,3.2800000000000002
MI,Governor,49.824013157894726,41.07072368421052,0.0,8.753289473684205,24.32
OH,Senate,47.856300997280144,44.38259292837714,0.0,3.473708068903001,22.060000000000002
MN,Governor,47.338164251207736,40.00000000000001,0.0,7.338164251207729,2.0700000000000003
AL,Senate,33.0,54.0,0.0,-21.0,1.52
SD,Senate,43.722807017543865,43.75438596491229,0.0,-0.03157894736842337,1.425
GA,Governor,46.21568627450981,48.07843137254902,0.0,-1.8627450980392126,5.1
NY,Governor,51.74418604651163,41.00000000000001,0.0,10.744186046511622,8.6
TX,Governor,47.091717856386346,47.815081550518954,0.0,-0.7233636941326083,23.605000000000004
IL,Governor,54.0,34.0,0.0,20.0,1.88
