state,date,pollster,DPer,RPer,Oper,race
GB,9/21/2026,KFF,45,35,0
GB,10/4/2026,Morning_Consult,50,43,0
GB,9/21/2026,Impact_Research,50,42,0
GB,9/22/2026,Argument,55,45,0
GB,9/27/2026,Quinnipiac,51,39,0
GB,9/28/2026,Economist,53,38,0
GB,9/25/2026,Angus_Reid,56,40,0
GB,9/26/2026,Morning_Consult,50,43,0
GB,9/22/2026,Emerson,53,42,0
GB,9/21/2026,Echelon,51,43,0
GB,9/17/2026,CNN,49,41,0
GB,9/15/2026,Marist,53,41,0
GB,9/21/2026,Strength_In_Numbers,52,42,0
GB,9/21/2026,Economist,52,38,0
GB,9/18/2026,Quantus,42,0
GB,9/20/2026,IPSOS,43,35,0
GB,9/20/2026,Morning_Consult,50,43,0
GB,9/15/2026,Hart,50,45,0
GB,9/17/2026,Zogby,48,42,0
GB,9/15/2026,RMG,51,43,0
GB,9/14/2026,FOX,51,33,0
GB,9/15/2026,Big_Data,51,39,0
GB,9/13/2026,The_Honest_Poll,51,42,0
GB,9/9/2026,Marquette,54,41,0
GB,9/14/2026,Economist,51,39,0
GB,9/13/2026,Morning_Consult,49,43,0
GB,9/14/2026,IPSOS,44,37,0
GB,9/13/2026,Siena,51,43,0
GB,9/11/2026,CBS,54,46,0
GB,9/2/2026,Cygnal,51,42,0
GB,9/6/2026,Quinnipiac,49,38,0
GB,9/1/2026,BGSU,51,44,0
GB,9/8/2026,Economist,49,38,0
GB,9/1/2026,The_Honest_Poll,53,43,0
GB,8/28/2026,Quantus,50,43,0
GB,8/19/2026,Strength_In_Numbers,49,43,0
GB,8/24/2026,Economist,46,40,0
GB,8/24/2026,IPSOS,41,35,0
GB,8/16/2026,Noble,47,32,0
GB,8/17/2026,Emerson,51,43,0
GB,8/17/2026,Echelon,50,45,0
GA,10/3/2026,Wedgewood,55,45,0,Senate
GA,9/23/2026,InsiderAdvantage,50,42,0,Senate
GA,9/23/2026,Big_Data,55,45,0,Senate
GA,9/18/2026,YouGov,52,42,0,Senate
GA,9/16/2026,Quantus,49,45,0,Senate
AK,9/30/2026,Siena,50,43,0,Senate
AK,9/30/2026,Quantus,46,47,0,Senate
AK,9/12/2026,Alaska_Survey_Research,52,48,0,Senate
AK,9/11/2026,Impact/Fabrizio,53,47,0,Senate
AK,8/23/2026,Alaska_Survey_Research,51,49,0,Senate
FL,9/27/2026,Change_Research,47,48,0,Senate
FL,9/21/2026,Stetson_University,40,51,0,Senate
FL,9/21/2026,InsiderAdvantage,42,49,0,Senate
FL,9/17/2026,St_Pete_Polls,45,45,0,Senate
FL,9/10/2026,Quantus,43,50,0,Senate
FL,9/9/2026,Change_Research,47,47,0,Senate
IA,10/1/2026,Siena,47,48,0,Senate
IA,9/28/2026,FOX,49,47,0,Senate
IA,9/29/2026,Quantus,47,49,0,Senate
IA,9/23/2026,InsiderAdvantage,47,46,0,Senate
IA,9/20/2026,Marist,50,42,0,Senate
IA,9/11/2026,Cygnal,43,43,0,Senate
IA,9/8/2026,YouGov,47,43,0,Senate
IA,9/1/2026,Emerson,45,49,0,Senate
KS,9/30/2026,Siena,45,45,0,Senate
KS,9/24/2026,Wedgewood,50,48,0,Senate
KS,9/18/2026,Emerson,45,43,0,Senate
ME,10/4/2026,Marist,51,47,0,Senate
ME,9/29/2026,MPRC,49,47,0,Senate
ME,10/1/2026,CBS,50,50,0,Senate
ME,10/1/2026,Wedgewood,52,48,0,Senate
ME,9/22/2026,Impact/Fabrizio,50,47,0,Senate
ME,9/23/2026,InsiderAdvantage,46,46,0,Senate
ME,9/21/2026,UNH,51,47,0,Senate
ME,9/14/2026,UMass,48,43,0,Senate
ME,9/22/2026,Siena,46,49,0,Senate
ME,9/15/2026,Quantus,47,48,0,Senate
ME,9/8/2026,YouGov,48,44,0,Senate
ME,9/6/2026,CNN,48,45,0,Senate
