year,pollster,rating
2026,Impact_Research,3
2026,Argument,4
2026,Quinnipiac,2
2026,Economist,5
2026,Angus_Reid,2
2026,Morning_Consult,3
2026,Emerson,5
2026,Echelon,5
2026,CNN,3
2026,Marist,3
2026,Strength_In_Numbers,5
2026,Economist,5
2026,Quantus,2
2026,IPSOS,5
2026,Hart,4
2026,Zogby,1
2026,RMG,2
2026,FOX,4
2026,Big_Data,0.5
2026,The_Honest_Poll,1
2026,Marquette,5
2026,Siena,5
2026,CBS,5
2026,Cygnal,5
2026,BGSU,1
2026,Noble,3
2026,KFF,1
2026,Wedgewood,1
2026,InsiderAdvantage,3
2026,Peak_Insights,1
2026,Adv_Targ,1
2026,PPP,2
2026,MassInc,3
2026,UNH,3
2026,Data_for_Progress,3
2026,American_Pulse,1
2026,Rutgers,2
2026,Lake_Research,0.5
2026,Zenith,0.5
2026,YouGov,3
2026,Alaska_Survey_Research,3
2026,Impact/Fabrizio,3
2026,Change_Research,1
2026,Stetson_University,2
2026,St_Pete_Polls,2
2026,MPRC,2
2026,UMass,4
2026,Mitchell,1
2026,Suffolk,5
2026,Washington_Post,5
2026,Glengariff,0.5
2026,SurveyUSA,4
2026,TIPP,5
2026,Fabrizio,3
2026,Research_Polling_Inc,1
2026,Opinion_Diagnostics,1
2026,High_Point,3
2026,Harper,1
2026,East_Carolina,3
2026,Elon,3
2026,Bowling_Green,2
2026,TSU,2
2026,Siena/ReconMR,3
2026,Mason_Dixon,4
2026,Socal,2
2026,Targoz,1
2026,BSP,1
2026,HighGround,3
2026,Kreate,1
2026,NextGen,1
2026,Change,1
2026,Stetson,1
2026,St_Pete,2
2026,St_Anselm,3
2026,DHM,1
2026,Bravo,1
2026,Franklin_Marshall,4
2026,Resonance_Media,1
2026,Braun,1
2026,Berkeley,4
2026,PPIC,3
2026,GreatBlue,1
2026,University_of_MD,4
2026,State_Navigate,3
2026,Susquehanna,5