State,Weight,PerMale,PerFemale,PerWhite,PerBlack,PerLatino,PerAsian,PerOther,PerUnder30,PerUnder45,PerUnder65,Per65,PerColl,PerNoColl,Lib,Mod,Con,Region,Region2,Buttigieg,Newsom,Cortez,Harris,Pritzker,Beshear,Kelly,Klobuchar,Booker,Shapiro,Whitmer,Moore,Extrapolated
National,3665,42,58,63,20,12,2,3,16,23,38,23,53,47,62,31,6,,,9,21,7,25,4,2,2,1,4,5,2,1,
CA,424,42,58,58,7,26,6,3,10,24,34,33,54,46,65,29,6,West,Pacific,15,23,9,14,2,4,2,2,3,4,2,0,
AK,14,44,56,91,2,3,2,2,16,22,40,22,57,43,66,30,4,West,Northwest,20,23,17,19,6,3,0,0,0,2,5,0,NH
ME,24,44,56,91,2,3,2,2,16,22,40,22,57,43,66,30,4,Northeast,NewEngland,14,16,15,7,8,2,2,2,7,2,5,0,NH
NC,116,42,58,62,32,3,1,3,18,21,42,20,58,42,56,35,9,South,NewSouth,17,10,4,12,3,4,0,1,5,3,3,2,
NH,23,44,56,91,2,3,2,2,16,22,40,22,57,43,66,30,4,Northeast,NewEngland,20,18,12,9,7,3,3,3,3,2,1,0,
VT,16,45,55,94,2,1,1,1,13,21,41,25,60,40,61,25,4,Northeast,NewEngland,16,17,17,6,4,4,1,1,3,1,1,1,
OH,127,44,56,74,20,2,1,2,15,22,41,21,49,51,59,34,7,Midwest,Appalachia,15,20,8,7,3,4,0,1,3,3,1,1,
TX,244,42,58,43,19,32,3,4,20,22,40,18,51,49,59,34,7,South,Southwest,22,20,6,17,3,1,0,1,4,1,2,1,
MA,92,42,58,85,4,6,4,1,19,23,39,19,67,33,70,25,5,Northeast,NewEngland,,,,,,,,,,,,,
RI,21,43,57,88,3,6,2,1,19,23,39,19,63,37,66,30,4,Northeast,NewEngland,,,,,,,,,,,,,MA+NH
CT,49,39,61,74,15,8,1,2,15,22,42,21,62,38,70,25,5,Northeast,NewEngland,,,,,,,,,,,,,
NY,220,41,59,59,22,14,2,3,18,24,39,19,58,42,66,29,5,Northeast,Midatlantic,,,,,,,,,,,,,
NJ,107,41,59,59,22,14,2,3,18,24,39,19,58,42,66,29,5,Northeast,Midatlantic,,,,,,,,,,,,,NY
DE,17,43,57,63,26,7,2,3,16,25,37,22,64,36,68,29,3,Midatlantic,East,,,,,,,,,,,,,VA
PA,146,40,60,68,19,10,1,2,12,24,41,23,45,55,66,29,5,MidWest,Midatlantic,,,,,,,,,,,,,
VA,99,43,57,63,26,7,2,3,16,25,37,22,64,36,68,29,3,Midatlantic,South,,,,,,,,,,,,,
MD,81,39,61,43,46,6,2,3,14,27,41,18,58,42,62,33,5,Midatlantic,South,,,,,,,,,,,,,
SC,55,39,61,35,61,2,1,1,15,20,47,19,40,60,54,35,11,South,Southeast,,,,,,,,,,,,,
GA,108,38,62,38,51,7,1,2,14,22,48,16,54,46,56,36,9,South,Southeast,,,,,,,,,,,,,
FL,224,42,58,48,27,20,2,3,15,20,39,25,48,52,54,37,9,South,Southeast,,,,,,,,,,,,,
AL,52,40,60,40,54,1,1,4,14,25,39,22,51,49,57,32,11,South,Southeast,,,,,,,,,,,,,
MS,35,36,64,24,71,1,0,4,15,25,40,20,43,57,51,40,10,South,Southeast,,,,,,,,,,,,,
TN,63,42,58,63,32,2,1,2,15,20,43,21,56,44,61,32,7,South,Appalachia,,,,,,,,,,,,,
KY,45,45,55,78,17,3,1,1,15,21,40,24,50,50,55,35,10,South,Appalachia,,,,,,,,,,,,,TN+WV
WV,20,47,53,92,3,4,1,1,15,22,37,25,39,61,45,41,14,Midatlantic,Appalachia,,,,,,,,,,,,,
IN,67,41,59,72,19,6,1,2,19,27,39,16,52,48,68,29,3,Midwest,East,,,,,,,,,,,,,
MI,117,45,55,70,21,3,2,4,19,26,35,20,46,54,57,33,9,Midwest,Northeast,,,,,,,,,,,,,
WI,75,43,57,83,10,3,2,2,19,24,39,18,52,48,67,28,4,Midwest,Northeast,,,,,,,,,,,,,
MN,75,43,57,83,10,3,2,2,19,24,39,18,52,48,67,28,4,Midwest,GreatPlains,,,,,,,,,,,,,WI
IL,147,46,54,58,28,9,3,2,17,22,39,22,53,47,64,30,5,Midwest,East,,,,,,,,,,,,,
IA,40,43,57,91,3,4,0,2,18,19,36,28,50,50,68,28,4,Midwest,GreatPlains,,,,,,,,,,,,,
MO,64,45,55,72,21,3,2,2,16,25,37,22,52,48,66,29,4,GreatPlains,Central,,,,,,,,,,,,,
AR,31,43,57,67,27,3,0,3,17,19,41,24,44,56,50,34,16,South,Southeast,,,,,,,,,,,,,AR+MS
LA,48,40,60,48,50,1,0,1,15,25,40,20,45,55,50,40,10,South,Southeast,,,,,,,,,,,,,
OK,36,46,54,74,14,4,1,8,12,21,39,28,49,51,45,36,19,South,GreatPlains,,,,,,,,,,,,,
KS,33,45,55,84,7,4,1,4,18,19,36,28,50,50,68,28,4,Central,GreatPlains,,,,,,,,,,,,,Guess + IA
NE,25,45,55,87,4,2,1,4,18,19,36,28,50,50,68,28,4,Central,GreatPlains,,,,,,,,,,,,,Guess + IA
SD,14,45,55,89,2,1,0,8,18,19,36,28,50,50,68,28,4,Central,GreatPlains,,,,,,,,,,,,,Guess + IA
ND,13,46,54,89,2,1,0,8,18,19,36,28,50,50,68,28,4,GreatPlains,Northwest,,,,,,,,,,,,,Guess + IA
NM,29,42,58,60,8,27,1,4,20,22,40,18,48,52,61,34,4,Southwest,West,,,,,,,,,,,,,Guess
AZ,72,41,59,64,3,27,1,5,17,18,30,35,45,55,62,33,5,Southwest,West,,,,,,,,,,,,,
CO,72,44,56,72,6,18,1,3,17,19,33,30,60,40,64,32,4,Southwest,West,,,,,,,,,,,,,
UT,30,44,59,72,3,18,1,3,17,19,33,30,60,40,64,32,4,Southwest,West,,,,,,,,,,,,,CO
WY,12,45,55,89,2,1,0,8,18,19,36,28,50,50,68,28,4,GreatPlains,Central,,,,,,,,,,,,,Guess
MT,17,45,55,89,2,1,0,8,18,19,36,28,50,50,68,28,4,West,Northwest,,,,,,,,,,,,,Guess
ID,20,44,56,72,3,18,1,3,17,19,33,30,60,40,64,32,4,West,Northwest,,,,,,,,,,,,,Guess
NV,36,44,56,59,13,19,4,4,18,19,35,28,46,54,70,26,4,West,Southwest,,,,,,,,,,,,,CA
WA,92,42,58,82,4,8,2,4,10,24,34,33,54,46,65,29,6,West ,Pacific,,,,,,,,,,,,,CA
OR,56,42,58,90,3,3,2,2,10,24,34,33,52,48,65,29,6,West,Pacific,,,,,,,,,,,,,CA
HI,22,42,58,51,4,3,40,2,13,24,34,30,52,48,65,29,6,West,Pacific,,,,,,,,,,,,,Guess
